Phase,District Name,AC No.,AC Name,Male,Female,Third Gender,Total,ac_name,vtr,Total Votes
1,COOCHBEHAR,1,MEKLIGANJ (SC),116228,108183,2,224413,Mekliganj,96.87%,217389
1,COOCHBEHAR,2,MATHABHANGA (SC),129331,119425,1,248757,Mathabhanga,96.44%,239901
1,COOCHBEHAR,3,COOCHBEHAR UTTAR (SC),136255,126823,0,263078,Coochbehar Uttar,95.42%,251029
1,COOCHBEHAR,4,COOCHBEHAR DAKSHIN,109394,104570,4,213968,Coochbehar Dakshin,94.74%,202713
1,COOCHBEHAR,5,SITALKUCHI (SC),151129,134416,3,285548,Sitalkuchi,97.53%,278495
1,COOCHBEHAR,6,SITAI (SC),143133,129993,0,273126,Sitai,96.55%,263703
1,COOCHBEHAR,7,DINHATA,143513,133778,0,277291,Dinhata,95.70%,265367
1,COOCHBEHAR,8,NATABARI,123248,116669,6,239923,Natabari,96.11%,230590
1,COOCHBEHAR,9,TUFANGANJ,122055,115611,1,237667,Tufanganj,96.21%,228659
1,ALIPURDUAR,10,KUMARGRAM (ST),134118,125375,3,259496,Kumargram,94.23%,244523
1,ALIPURDUAR,11,KALCHINI (ST),109713,111742,2,221457,Kalchini,90.87%,201238
1,ALIPURDUAR,12,ALIPURDUARS,123903,120423,5,244331,Alipurduars,94.02%,229720
1,ALIPURDUAR,13,FALAKATA (SC),126099,119160,5,245264,Falakata,95.44%,234080
1,ALIPURDUAR,14,MADARIHAT (ST),96262,97695,1,193958,Madarihat,90.60%,175726
1,JALPAIGURI,15,DHUPGURI (SC),133196,124925,6,258127,Dhupguri,95.53%,246589
1,JALPAIGURI,16,MAYNAGURI (SC),133769,124776,0,258545,Maynaguri,96.40%,249237
1,JALPAIGURI,17,JALPAIGURI (SC),126563,123816,2,250381,Jalpaiguri,93.45%,233981
1,JALPAIGURI,18,RAJGANJ (SC),119299,111495,1,230795,Rajganj,96.56%,222856
1,JALPAIGURI,19,DABGRAM-PHULBARI,133222,131154,4,264380,Dabgram-fulbari,94.62%,250156
1,JALPAIGURI,20,MAL (ST),118926,118526,0,237452,Mal,94.17%,223609
1,JALPAIGURI,21,NAGRAKATA (ST),107824,112292,2,220118,Nagrakata,92.30%,203169
1,KALIMPONG,22,KALIMPONG,100846,100773,0,201619,Kalimpong,83.04%,167424
1,DARJEELING,23,DARJEELING,103033,104681,2,207716,Darjeeling,82.27%,170888
1,DARJEELING,24,KURSEONG,106014,110135,3,216152,Kurseong,83.14%,179709
1,DARJEELING,25,MATIGARA-NAXALBARI (SC),133571,134906,3,268480,Matigara-naxalbari,92.69%,248854
1,DARJEELING,26,SILIGURI,99920,100844,15,200779,Siliguri,90.63%,181966
1,DARJEELING,27,PHANSIDEWA (ST),109526,107769,3,217298,Phansidewa,95.08%,206607
1,UTTAR DINAJPUR,28,CHOPRA,120091,99140,5,219236,Chopra,96.02%,210510
1,UTTAR DINAJPUR,29,ISLAMPUR,107891,94318,8,202217,Islampur,91.41%,184847
1,UTTAR DINAJPUR,30,GOALPOKHAR,107310,92154,4,199468,Goalpokhar,91.67%,182852
1,UTTAR DINAJPUR,31,CHAKULIA,114782,101311,2,216095,Chakulia,91.84%,198462
1,UTTAR DINAJPUR,32,KARANDIGHI,121620,109975,4,231599,Karandighi,94.61%,219116
1,UTTAR DINAJPUR,33,HEMTABAD (SC),130939,115587,4,246530,Hemtabad,96.40%,237655
1,UTTAR DINAJPUR,34,KALIAGANJ (SC),140401,127867,13,268281,Kaliaganj,95.42%,255994
1,UTTAR DINAJPUR,35,RAIGANJ,87504,86601,21,174126,Raiganj,92.97%,161885
1,UTTAR DINAJPUR,36,ITAHAR,110488,100929,5,211422,Itahar,95.89%,202733
1,DAKSHIN DINAJPUR,37,KUSHMUNDI (SC),108310,97553,4,205867,Kushmandi,96.52%,198703
1,DAKSHIN DINAJPUR,38,KUMARGANJ,93373,87008,4,180385,Kumarganj,95.88%,172953
1,DAKSHIN DINAJPUR,39,BALURGHAT,84215,82683,14,166912,Balurghat,93.30%,155729
1,DAKSHIN DINAJPUR,40,TAPAN (ST),99485,95426,3,194914,Tapan,95.10%,185363
1,DAKSHIN DINAJPUR,41,GANGARAMPUR (SC),103818,96318,10,200146,Gangarampur,95.49%,191119
1,DAKSHIN DINAJPUR,42,HARIRAMPUR,108885,102402,8,211295,Harirampur,96.00%,202843
1,MALDA,43,HABIBPUR (ST),120886,117339,5,238230,Habibpur,94.89%,226056
1,MALDA,44,GAZOLE (SC),129859,125223,3,255085,Gazole,95.25%,242968
1,MALDA,45,CHANCHAL,126863,117560,5,244428,Chanchal,95.54%,233527
1,MALDA,46,HARISCHANDRA-PUR,126029,112818,3,238850,Harischandrapur,94.74%,226286
1,MALDA,47,MALATIPUR,113524,99158,9,212691,Malatipur,94.73%,201482
1,MALDA,48,RATUA,130127,116413,7,246547,Ratua,93.94%,231606
1,MALDA,49,MANICKCHAK,124739,111024,2,235765,Manikchak,94.82%,223552
1,MALDA,50,MALDAHA (SC),117002,114341,5,231348,Maldaha,94.62%,218901
1,MALDA,51,ENGLISH BAZAR,123959,125171,7,249137,English Bazar,92.68%,230900
1,MALDA,52,MOTHABARI,86660,82681,6,169347,Mothabari,95.06%,160981
1,MALDA,53,SUJAPUR,120729,115707,7,236443,Sujapur,95.69%,226252
1,MALDA,54,BAISHNABNAGAR,121683,112174,8,233865,Baisnabnagar,95.70%,223809
1,MURSHIDABAD,55,FARAKKA,93170,88485,4,181659,Farakka,96.01%,174411
1,MURSHIDABAD,56,SAMSERGANJ,78004,83430,1,161435,Samserganj,96.04%,155042
1,MURSHIDABAD,57,SUTI,121353,107854,1,229208,Suti,96.07%,220200
1,MURSHIDABAD,58,JANGIPUR,113009,107846,4,220859,Jangipur,95.72%,211406
1,MURSHIDABAD,59,RAGHUNATHGANJ,103911,96541,0,200452,Raghunathganj,96.90%,194238
1,MURSHIDABAD,60,SAGARDIGHI,113465,103508,4,216977,Sagardighi,95.35%,206888
1,MURSHIDABAD,61,LALGOLA,94311,91868,3,186182,Lalgola,96.44%,179554
1,MURSHIDABAD,62,BHAGABAN GOLA,114659,109958,1,224618,Bhagawangola,96.95%,217767
1,MURSHIDABAD,63,RANINAGAR,126493,117894,4,244391,Raninagar,96.95%,236937
1,MURSHIDABAD,64,MURSHIDABAD,126372,121896,1,248269,Murshidabad,95.30%,236600
1,MURSHIDABAD,65,NABAGRAM (SC),124325,118697,3,243025,Nabagram,90.73%,220497
1,MURSHIDABAD,66,KHARGRAM (SC),120073,110389,2,230464,Khargram,88.32%,203546
1,MURSHIDABAD,67,BURWAN (SC),111612,102386,5,214003,Burwan,87.80%,187895
1,MURSHIDABAD,68,KANDI,120346,112675,3,233024,Kandi,84.94%,197931
1,MURSHIDABAD,69,BHARATPUR,124672,114508,4,239184,Bharatpur,89.17%,213280
1,MURSHIDABAD,70,REJINAGAR,133771,122490,6,256267,Rejinagar,92.91%,238098
1,MURSHIDABAD,71,BELDANGA,126928,117052,4,243984,Beldanga,93.05%,227027
1,MURSHIDABAD,72,BAHARAMPUR,118741,122079,10,240830,Baharampur,91.72%,220889
1,MURSHIDABAD,73,HARIHARPARA,126586,118890,8,245484,Hariharpara,95.61%,234707
1,MURSHIDABAD,74,NOWDA,122837,112898,2,235737,Nowda,93.66%,220791
1,MURSHIDABAD,75,DOMKAL,137988,129383,3,267374,Domkal,96.43%,257829
1,MURSHIDABAD,76,JALANGI,136138,126647,2,262787,Jalangi,96.03%,252354
1,PURBO MEDINIPUR,203,TAMLUK,139883,134618,7,274508,Tamluk,92.63%,254277
1,PURBO MEDINIPUR,204,PANSKURA PURBA,122702,115811,6,238519,Panskura Purba,92.03%,219509
1,PURBO MEDINIPUR,205,PANSKURA PASCHIM,143192,135551,1,278744,Panskura Paschim,91.91%,256194
1,PURBO MEDINIPUR,206,ΜΟΥΝΑ,137302,127667,2,264971,Moyna,91.88%,243455
1,PURBO MEDINIPUR,207,NANDAKUMAR,136102,128332,3,264437,Nandakumar,93.48%,247196
1,PURBO MEDINIPUR,208,MAHISADAL,129878,123643,2,253523,Mahisadal,93.09%,236005
1,PURBO MEDINIPUR,209,HALDIA (SC),129419,122487,13,251919,Haldia,94.25%,237434
1,PURBO MEDINIPUR,210,NANDIGRAM,138934,127480,1,266415,Nandigram,93.98%,250377
1,PURBO MEDINIPUR,211,CHANDIPUR,132659,123265,0,255924,Chandipur,93.54%,239391
1,PURBO MEDINIPUR,212,PATASHPUR,128328,118708,1,247037,Patashpur,92.98%,229695
1,PURBO MEDINIPUR,213,ΚΑΝTHI UTTAR,136573,127029,0,263602,Kanthi Uttar,93.67%,246916
1,PURBO MEDINIPUR,214,BHAGABANPUR,137073,126700,2,263775,Bhagabanpur,93.08%,245522
1,PURBO MEDINIPUR,215,KHEJURI (SC),129500,118476,0,247976,Khejuri,94.35%,233965
1,PURBO MEDINIPUR,216,ΚΑΝTHI DAKSHIN,115841,112113,0,227954,Kanthi Dakshin,91.81%,209285
1,PURBO MEDINIPUR,217,RAMNAGAR,137559,131690,3,269252,Ramnagar,90.02%,242381
1,PURBO MEDINIPUR,218,EGRA,150273,141325,0,291598,Egra,91.49%,266783
1,PASCHIM MEDINIPUR,219,DANTAN,122382,113786,0,236168,Dantan,91.89%,217015
1,PASCHIM MEDINIPUR,223,KESHIARY (ST),122435,116334,0,238769,Keshiary,93.19%,222509
1,PASCHIM MEDINIPUR,224,KHARAGPUR SADAR,88980,91542,8,180530,Kharagpur Sadar,88.71%,160148
1,PASCHIM MEDINIPUR,225,NARAYANGARH,122439,116625,0,239064,Narayangarh,93.70%,224003
1,PASCHIM MEDINIPUR,226,SABANG,141833,132549,1,274383,Sabang,92.90%,254902
1,PASCHIM MEDINIPUR,227,PINGLA,130604,125287,1,255892,Pingla,94.27%,241229
1,PASCHIM MEDINIPUR,228,KHARAGPUR,109810,108328,4,218142,Kharagpur,95.02%,207279
1,PASCHIM MEDINIPUR,229,DEBRA,116447,115448,3,231898,Debra,93.02%,215712
1,PASCHIM MEDINIPUR,230,DASPUR,149903,146142,0,296045,Daspur,84.60%,250454
1,PASCHIM MEDINIPUR,231,GHATAL (SC),141189,135380,0,276569,Ghatal,86.86%,240228
1,PASCHIM MEDINIPUR,232,CHANDRAKONA (SC),145000,137820,0,282820,Chandrakona,93.14%,263419
1,PASCHIM MEDINIPUR,233,GARBETA,119647,113233,1,232881,Garbeta,94.77%,220701
1,PASCHIM MEDINIPUR,234,SALBONI,140943,138359,2,279304,Salboni,94.75%,264641
1,PASCHIM MEDINIPUR,235,KESHPUR (SC),139086,128948,0,268034,Keshpur,94.37%,252944
1,PASCHIM MEDINIPUR,236,MEDINIPUR,128848,131447,0,260295,Medinipur,92.56%,240929
1,JHARGRAM,220,NAYAGRAM (ST),116484,110409,1,226894,Nayagram,90.65%,205679
1,JHARGRAM,221,GOPIBALLAVPUR,115030,112763,0,227793,Gopiballavpur,92.76%,211301
1,JHARGRAM,222,JHARGRAM,116849,118294,4,235147,Jhargram,92.63%,217817
1,JHARGRAM,237,BINPUR (ST),110250,110873,2,221125,Binpur,93.02%,205690
1,PURULIA,238,BANDWAN (ST),145379,140587,0,285966,Bandwan,92.35%,264090
1,PURULIA,239,BALARAMPUR,122322,113063,3,235388,Balarampur,92.71%,218228
1,PURULIA,240,BAGHMUNDI,129747,120906,4,250657,Baghmundi,91.07%,228273
1,PURULIA,241,JOYPUR,132130,121693,2,253825,Joypur,91.28%,231691
1,PURULIA,242,PURULIA,128610,123203,3,251816,Purulia,90.74%,228498
1,PURULIA,243,MANBAZAR (ST),129457,126002,1,255460,Manbazar,91.73%,234333
1,PURULIA,244,KASHIPUR,116541,113011,0,229552,Kashipur,91.42%,209856
1,PURULIA,245,PARA (SC),123039,113081,0,236120,Para,91.01%,214893
1,PURULIA,246,RAGHUNATHPUR (SC),129612,124410,1,254023,Raghunathpur,91.92%,233498
1,BANKURA,247,SALTORA (SC),120047,113128,0,233175,Saltora,93.01%,216876
1,BANKURA,248,CHHATNA,124236,117915,0,242151,Chhatna,90.60%,219389
1,BANKURA,249,RANIBUNDH (ST),128697,125873,0,254570,Ranibandh,91.80%,233695
1,BANKURA,250,RAIPUR (ST),113171,110949,0,224120,Raipur,92.68%,207714
1,BANKURA,251,TALDANGRA,120446,115239,0,235685,Taldangra,92.02%,216877
1,BANKURA,252,BANKURA,130714,130172,0,260886,Bankura,90.32%,235632
1,BANKURA,253,BARJORA,128366,123035,1,251402,Barjora,92.79%,233276
1,BANKURA,254,ONDA,134404,128004,0,262408,Onda,93.06%,244197
1,BANKURA,255,BISHNUPUR,111531,108753,0,220284,Bishnupur,93.43%,205811
1,BANKURA,256,KATULPUR (SC),129495,124201,1,253697,Katulpur,93.74%,237816
1,BANKURA,257,INDUS (SC),124899,120368,0,245267,Indus,94.01%,230576
1,BANKURA,258,SONAMUKHI (SC),120586,115184,0,235770,Sonamukhi,93.30%,219973
1,PASCHIM BARDHAMAN,275,PANDABESWAR,97444,90945,1,188390,Pandabeswar,92.14%,173583
1,PASCHIM BARDHAMAN,276,DURGAPUR PURBA,118400,118726,1,237127,Durgapur Purba,90.07%,213580
1,PASCHIM BARDHAMAN,277,DURGAPUR PASCHIM,121281,117415,4,238700,Durgapur Paschim,90.27%,215474
1,PASCHIM BARDHAMAN,278,RANIGANJ,110971,105021,2,215994,Raniganj,90.42%,195302
1,PASCHIM BARDHAMAN,279,JAMURIA,102051,94492,2,196545,Jamuria,91.79%,180409
1,PASCHIM BARDHAMAN,280,ASANSOL DAKSHIN,122533,116492,5,239030,Asansol Dakshin,89.73%,214482
1,PASCHIM BARDHAMAN,281,ASANSOL UTTAR,120386,116471,1,236858,Asansol Uttar,88.29%,209122
1,PASCHIM BARDHAMAN,282,KULTI,109712,100837,4,210553,Kulti,89.87%,189224
1,PASCHIM BARDHAMAN,283,BARBANI,102600,99295,3,201898,Barabani,91.02%,183768
1,BIRBHUM,284,DUBRAJPUR (SC),120292,111210,1,231503,Dubrajpur,94.58%,218956
1,BIRBHUM,285,SURI,127171,124900,0,252071,Suri,93.63%,236014
1,BIRBHUM,286,BOLPUR,131040,129064,8,260112,Bolpur,93.82%,244037
1,BIRBHUM,287,NANOOR (SC),137576,131502,4,269082,Nanoor,93.46%,251484
1,BIRBHUM,288,LABPUR,120302,114326,2,234630,Labpur,94.29%,221233
1,BIRBHUM,289,SAINTHIA (SC),127499,124497,1,251997,Sainthia,95.01%,239422
1,BIRBHUM,290,MAYURESWAR,113597,112273,4,225874,Mayureswar,93.84%,211960
1,BIRBHUM,291,RAMPURHAT,121631,123527,1,245159,Rampurhat,94.53%,231749
1,BIRBHUM,292,HANSAN,120644,116625,4,237273,Hansan,94.92%,225220
1,BIRBHUM,293,NALHATI,118102,113572,7,231681,Nalhati,95.63%,221557
1,BIRBHUM,294,MURARAI,129432,122571,1,252004,Murarai,96.08%,242125
2,NADIA,77,KARIMPUR,130536,122305,3,252844,Karimpur,94.48%,238887
2,NADIA,78,TEHATTA,131243,121184,4,252431,Tehatta,91.33%,230545
2,NADIA,79,PALASHIPARA,122063,109553,4,231620,Palashipara,92.06%,213229
2,NADIA,80,KALIGANJ,121552,110905,3,232460,Kaliganj,93.42%,217164
2,NADIA,81,NAKASHIPARA,115752,102914,3,218669,Nakashipara,92.00%,201175
2,NADIA,82,CHAPRA,123420,108637,0,232057,Chapra,90.05%,208967
2,NADIA,83,KRISHNANAGAR UTTAR,109610,106841,5,216456,Krishnanagar Uttar,91.92%,198966
2,NADIA,84,NABADWIP,118182,111826,3,230011,Nabadwip,93.47%,214991
2,NADIA,85,KRISHNANAGAR DAKSHIN,109405,100374,2,209781,Krishnanagar Dakshin,92.94%,194970
2,NADIA,86,SANTIPUR,118363,109105,9,227477,Santipur,92.87%,211258
2,NADIA,87,RANAGHAT UTTAR PASCHIM,119177,113531,8,232716,Ranaghat Uttar Paschim,92.31%,214820
2,NADIA,88,KRISHNAGANJ,132520,120515,1,253036,Krishnaganj,89.85%,227353
2,NADIA,89,RANAGHAT UTTAR PURBA,122368,110022,9,232399,Ranaghat Uttar Purba,89.59%,208206
2,NADIA,90,RANAGHAT DAKSHIN,130916,122428,2,253346,Ranaghat Dakshin,90.99%,230520
2,NADIA,91,CHAKDAHA,115182,108796,3,223981,Chakdaha,92.93%,208146
2,NADIA,92,KALYANI,117783,112699,7,230489,Kalyani,92.66%,213571
2,NADIA,93,HARINGHATA,116952,108152,5,225109,Haringhata,93.82%,211197
2,NORTH 24 PARGANAS,94,BAGDA,126236,114747,6,240989,Bagda,89.51%,215709
2,NORTH 24 PARGANAS,95,BANGAON UTTAR,116517,109424,21,225962,Bangaon Uttar,92.61%,209263
2,NORTH 24 PARGANAS,96,BANGAON DAKSHIN,117928,110425,6,228359,Bangaon Dakshin,92.23%,210616
2,NORTH 24 PARGANAS,97,GAIGHATA,113921,108799,3,222723,Gaighata,93.08%,207311
2,NORTH 24 PARGANAS,98,SWARUPNAGAR,119447,109516,2,228965,Swarupnagar,95.00%,217517
2,NORTH 24 PARGANAS,99,BADURIA,122187,113971,4,236162,Baduria,95.66%,225913
2,NORTH 24 PARGANAS,100,HABRA,107658,101156,8,208822,Habra,94.40%,197128
2,NORTH 24 PARGANAS,101,ASHOKNAGAR,117314,112185,7,229506,Ashoknagar,95.01%,218054
2,NORTH 24 PARGANAS,102,AMDANGA,115380,105823,4,221207,Amdanga,96.03%,212425
2,NORTH 24 PARGANAS,103,BIJPUR,80060,78032,4,158096,Bijpur,90.88%,143678
2,NORTH 24 PARGANAS,104,ΝΑΙHATI,85321,85251,9,170581,Naihati,91.50%,156082
2,NORTH 24 PARGANAS,105,ВНАTPARA,61817,55375,3,117195,Bhatpara,90.15%,105651
2,NORTH 24 PARGANAS,106,JAGATDAL,99648,95971,11,195630,Jagatdal,92.47%,180899
2,NORTH 24 PARGANAS,107,ΝΟΑPARA,107095,106628,4,213727,Noapara,87.12%,186199
2,NORTH 24 PARGANAS,108,BARRACKPUR,86097,84548,1,170646,Barrackpur,89.82%,153274
2,NORTH 24 PARGANAS,109,KHARDAHA,104991,104857,7,209855,Khardaha,93.02%,195207
2,NORTH 24 PARGANAS,110,DUM DUM UTTAR,118324,122013,4,240341,Dum Dum Uttar,92.26%,221739
2,NORTH 24 PARGANAS,111,PANIHATI,93805,95905,4,189714,Panihati,91.48%,173550
2,NORTH 24 PARGANAS,112,ΚΑΜARHATI,80693,81947,6,162646,Kamarhati,90.01%,146398
2,NORTH 24 PARGANAS,113,BARANAGAR,90690,95847,4,186541,Baranagar,88.59%,165257
2,NORTH 24 PARGANAS,114,DUM DUM,105629,111908,4,217541,Dum Dum,90.20%,196222
2,NORTH 24 PARGANAS,115,RAJARHAT NEW TOWN,136100,131541,4,267645,Rajarhat New Town,93.60%,250516
2,NORTH 24 PARGANAS,116,BIDHANNAGAR,98891,104979,7,203877,Bidhannagar,86.26%,175864
2,NORTH 24 PARGANAS,117,RAJARHAT GOPALPUR,106453,112429,8,218890,Rajarhat Gopalpur,86.66%,189690
2,NORTH 24 PARGANAS,118,MADHYAMGRAM,123863,120618,4,244485,Madhyamgram,94.62%,231332
2,NORTH 24 PARGANAS,119,BARASAT,126025,126398,16,252439,Barasat,92.79%,234238
2,NORTH 24 PARGANAS,120,DEGANGA,124607,115396,4,240007,Deganga,96.85%,232447
2,NORTH 24 PARGANAS,121,HAROA,127503,115892,5,243400,Haroa,97.34%,236926
2,NORTH 24 PARGANAS,122,ΜΙΝAKHAN,119376,102631,4,222011,Minakhan,96.77%,214840
2,NORTH 24 PARGANAS,123,SANDESHKHALI,117641,105623,5,223269,Sandeshkhali,95.89%,214093
2,NORTH 24 PARGANAS,124,BASIRHAT DAKSHIN,132772,127583,6,260361,Basirhat Dakshin,95.44%,248489
2,NORTH 24 PARGANAS,125,BASIRHAT UTTAR,126777,118608,3,245388,Basirhat Uttar,96.62%,237094
2,NORTH 24 PARGANAS,126,HINGALGANJ,112034,103084,4,215122,Hingalganj,95.41%,205248
2,SOUTH 24 PARGANAS,127,GOSABA,115665,105663,4,221332,Gosaba,94.51%,209181
2,SOUTH 24 PARGANAS,128,BASANTI,125989,114312,2,240303,Basanti,95.73%,230042
2,SOUTH 24 PARGANAS,129,KULTALI,138128,123591,17,261736,Kultali,95.99%,251240
2,SOUTH 24 PARGANAS,130,PATHARPRATIΜΑ,135804,121898,2,257704,Patharpratima,94.96%,244716
2,SOUTH 24 PARGANAS,131,KAKDWIP,126170,115546,4,241720,Kakdwip,95.13%,229948
2,SOUTH 24 PARGANAS,132,SAGAR,143904,130199,0,274103,Sagar,93.29%,255711
2,SOUTH 24 PARGANAS,133,KULPI,112797,103818,5,216620,Kulpi,95.42%,206699
2,SOUTH 24 PARGANAS,134,RAIDIGHI,139455,128386,5,267846,Raidighi,95.70%,256329
2,SOUTH 24 PARGANAS,135,MANDIRBAZAR,115580,106506,4,222090,Mandirbazar,95.47%,212029
2,SOUTH 24 PARGANAS,136,JOYNAGAR,118512,108720,6,227238,Jaynagar,94.12%,213876
2,SOUTH 24 PARGANAS,137,BARUIPUR PURBA,126745,118350,11,245106,Baruipur Purba,94.96%,232753
2,SOUTH 24 PARGANAS,138,CANNING PASCHIM,123786,114439,11,238236,Canning Paschim,96.43%,229731
2,SOUTH 24 PARGANAS,139,CANNING PURBA,129566,117083,24,246673,Canning Purba,97.70%,241000
2,SOUTH 24 PARGANAS,140,BARUIPUR PASCHIM,116620,116455,22,233097,Baruipur Paschim,94.49%,220253
2,SOUTH 24 PARGANAS,141,MAGRAHAT PURBA,122770,109817,2,232589,Magrahat Purba,94.84%,220587
2,SOUTH 24 PARGANAS,142,MAGRAHAT PASCHIM,113942,103074,6,217022,Magrahat Paschim,94.19%,204413
2,SOUTH 24 PARGANAS,143,DIAMOND HARBOUR,125553,119541,3,245097,Diamond Harbour,94.26%,231028
2,SOUTH 24 PARGANAS,144,FALTA,121300,115135,9,236444,Falta,90.30%,213509
2,SOUTH 24 PARGANAS,145,SATGACHHIA,132022,124220,9,256251,Satgachhia,92.85%,237929
2,SOUTH 24 PARGANAS,146,BISHNUPUR,137741,130512,13,260993,Bishnupur,92.84%,242306
2,SOUTH 24 PARGANAS,147,SONARPUR DAKSHIN,128960,132016,17,268266,Sonarpur Dakshin,92.32%,247663
2,SOUTH 24 PARGANAS,148,BHANGAR,142681,130016,14,272711,Bhangar,96.78%,263930
2,SOUTH 24 PARGANAS,149,KASBA,131451,134158,7,265616,Kasba,90.09%,239293
2,SOUTH 24 PARGANAS,150,JADAVPUR,124529,136288,4,260821,Jadavpur,87.87%,229183
2,SOUTH 24 PARGANAS,151,SONARPUR UTTAR,135666,137535,18,273219,Sonarpur Uttar,93.15%,254503
2,SOUTH 24 PARGANAS,152,TOLLYGANJ,110663,119323,8,229994,Tollyganj,88.28%,203039
2,SOUTH 24 PARGANAS,153,BEHALA PURBA,126011,133735,6,259752,Behala Purba,88.81%,230686
2,SOUTH 24 PARGANAS,154,BEHALA PASCHIM,128607,137562,4,266173,Behala Paschim,86.93%,231384
2,SOUTH 24 PARGANAS,155,MAHESHTALA,122964,120390,11,243365,Maheshtala,93.37%,227230
2,SOUTH 24 PARGANAS,156,BUDGE BUDGE,117406,112495,6,229907,Budge Budge,94.02%,216159
2,SOUTH 24 PARGANAS,157,ΜΕΤΙΑBURUZ,100723,88768,3,189494,Metiaburuz,94.80%,179640
2,KOLKATA SOUTH,158,KOLKATA PORT,91335,80275,5,171615,Kolkata Port,89.68%,153904
2,KOLKATA SOUTH,159,BHABANIPUR,81108,79199,6,160313,Bhabanipur,86.74%,139055
2,KOLKATA SOUTH,160,RASHBEHARI,76263,82137,6,158406,Rashbehari,86.58%,137148
2,KOLKATA SOUTH,161,BALLYGUNGE,96205,92627,7,188839,Ballygunge,88.16%,166480
2,KOLKATA NORTH,162,CHOWRANGEE,67355,58989,5,126349,Chowrangee,86.60%,109418
2,KOLKATA NORTH,163,ENTALLY,91760,87109,8,178877,Entally,92.01%,164585
2,KOLKATA NORTH,164,BELEGHATA,97037,93556,6,190599,Beleghata,90.81%,173083
2,KOLKATA NORTH,165,JORASANKO,65654,57032,0,122686,Jorasanko,86.72%,106393
2,KOLKATA NORTH,166,SHYAMPUKUR,66449,65363,7,131819,Shyampukur,88.07%,116093
2,KOLKATA NORTH,167,ΜΑΝIKTOLA,83022,82876,8,165906,Maniktala,90.28%,149780
2,KOLKATA NORTH,168,KASHIPUR-BELGACHHIA,85715,82219,2,167936,Kashipur-belgachhia,89.01%,149480
2,HOWRAH,169,BALLY,68826,64743,4,133573,Bally,86.86%,116022
2,HOWRAH,170,HOWRAH UTTAR,78911,71029,8,149948,Howrah Uttar,88.26%,132344
2,HOWRAH,171,HOWRAH MADHYA,109112,105707,2,214821,Howrah Madhya,89.44%,192136
2,HOWRAH,172,SHIBPUR,96193,98766,4,194963,Shibpur,92.32%,179990
2,HOWRAH,173,HOWRAH DAKSHIN,121230,119375,2,240607,Howrah Dakshin,91.50%,220155
2,HOWRAH,174,SANKRAIL,123503,116742,7,240252,Sankrail,94.95%,228119
2,HOWRAH,175,PANCHLA,130039,118455,3,248497,Panchla,93.60%,232593
2,HOWRAH,176,ULUBERIA PURBA,111655,106817,9,218481,Uluberia Purba,94.27%,205962
2,HOWRAH,177,ULUBERIA UTTAR,112157,102511,3,214671,Uluberia Uttar,94.23%,202284
2,HOWRAH,178,ULUBERIA DAKSHIN,122513,114530,14,237057,Uluberia Dakshin,95.01%,225228
2,HOWRAH,179,SHYAMPUR,132356,126919,3,259278,Shyampur,92.56%,239988
2,HOWRAH,180,BAGNAN,117902,112672,4,230578,Bagnan,94.08%,216928
2,HOWRAH,181,AMTA,132837,124140,5,256982,Amta,90.56%,232723
2,HOWRAH,182,UDAYNARAYANPUR,117276,111815,0,229091,Udaynarayanpur,92.74%,212459
2,HOWRAH,183,JAGATBALLAVPUR,139266,131534,6,270806,Jagatballavpur,92.89%,251552
2,HOWRAH,184,DOMJUR,136227,133003,6,269236,Domjur,94.00%,253082
2,HOOGHLY,185,UTTARPARA,112794,115473,5,228272,Uttarpara,89.43%,204144
2,HOOGHLY,186,SREERAMPUR,104186,101472,4,205662,Sreerampur,90.01%,185116
2,HOOGHLY,187,CHAMPDANI,110910,111032,10,221952,Champdani,91.43%,202931
2,HOOGHLY,188,SINGUR,119289,118093,6,237388,Singur,93.16%,221151
2,HOOGHLY,189,CHANDANNAGAR,100183,103262,6,203451,Chandannagar,90.95%,185039
2,HOOGHLY,190,CHUNCHURA,136134,139570,11,275715,Chunchura,91.42%,252059
2,HOOGHLY,191,BALAGARH,122092,117990,6,240088,Balagarh,93.58%,224674
2,HOOGHLY,192,PANDUA,124729,124345,7,249081,Pandua,93.35%,232517
2,HOOGHLY,193,SAPTAGRAM,106484,103881,5,210370,Saptagram,92.87%,195371
2,HOOGHLY,194,CHANDITALA,125034,121506,3,246543,Chanditala,91.94%,226672
2,HOOGHLY,195,JANGIPARA,128123,122942,4,251069,Jangipara,91.94%,230833
2,HOOGHLY,196,HARIPAL,133319,130853,3,264175,Haripal,92.41%,244124
2,HOOGHLY,197,DHANEKHALI,131462,131225,2,262689,Dhanekhali,93.54%,245719
2,HOOGHLY,198,TARAKESWAR,118073,117363,5,235441,Tarakeswar,93.20%,219431
2,HOOGHLY,199,PURSURAH,132393,127196,1,259590,Pursurah,92.09%,239056
2,HOOGHLY,200,ARAMBAG,128700,124558,2,253260,Arambag,92.53%,234341
2,HOOGHLY,201,GOGHAT,126697,121378,1,248076,Goghat,93.81%,232720
2,HOOGHLY,202,KHANAKUL,138468,130098,4,268570,Khanakul,87.83%,235885
2,PURBA BARDHAMAN,259,KHANDAGHOSH,118049,115630,0,233679,Khandaghosh,94.90%,221761
2,PURBA BARDHAMAN,260,BURDWAN DAKSHIN,108647,113310,4,221961,Bardhaman Dakshin,90.83%,201607
2,PURBA BARDHAMAN,261,RAIΝΑ,124871,121186,3,246060,Raina,94.08%,231493
2,PURBA BARDHAMAN,262,JAMALPUR,114250,111213,5,225468,Jamalpur,94.71%,213541
2,PURBA BARDHAMAN,263,MONTESWAR,109788,106971,5,216764,Monteswar,93.56%,202804
2,PURBA BARDHAMAN,264,KALNA,115511,110854,5,226370,Kalna,93.46%,211565
2,PURBA BARDHAMAN,265,MEMARI,120690,118905,6,239601,Memari,94.37%,226111
2,PURBA BARDHAMAN,266,BURDWAN UTTAR,129891,130468,1,260360,Bardhaman Uttar,94.42%,245832
2,PURBA BARDHAMAN,267,BHATAR,113735,112907,0,226642,Bhatar,94.20%,213497
2,PURBA BARDHAMAN,268,PURBASTHALI DAKSHIN,120297,112279,1,232577,Purbasthali Dakshin,94.03%,218692
2,PURBA BARDHAMAN,269,PURBASTHALI UTTAR,125849,113625,6,239480,Purbasthali Uttar,93.19%,223171
2,PURBA BARDHAMAN,270,KATWA,131414,125395,2,256811,Katwa,92.39%,237268
2,PURBA BARDHAMAN,271,KETUGRAM,120601,113433,1,234035,Ketugram,93.13%,217957
2,PURBA BARDHAMAN,272,MONGALKOTE,118847,113135,2,231984,Mangalkot,93.91%,217856
2,PURBA BARDHAMAN,273,AUSGRAM,119363,116644,3,236010,Ausgram,95.21%,224705
2,PURBA BARDHAMAN,274,GALSI,123314,120638,3,243955,Galsi,94.83%,231343
